model,lambda,beta
Gemma 4 31B,0.0,5.981376518218623
Gemma 4 31B,0.0,7.404723346828609
Gemma 4 31B,0.0,6.464777327935222
Gemma 4 31B,0.08097165991902833,8.264102564102563
Gemma 4 31B,0.0,7.404723346828609
Gemma 4 31B,0.0,6.276788124156544
Gemma 4 31B,0.0,8.93549257759784
Gemma 4 31B,0.0,6.276788124156544
Gemma 4 31B,0.0,5.551686909581646
Gemma 4 31B,0.0,7.9955465587044525
Gemma 4 31B,0.0,7.753846153846153
Gemma 4 31B,0.0,10.143994601889338
Gemma 4 31B,0.0,6.572199730094466
Gemma 4 31B,0.0,8.317813765182185
Gemma 4 31B,0.0,6.276788124156544
Gemma 4 31B,0.0,7.404723346828609
Gemma 4 31B,0.0,7.914979757085019
Gemma 4 31B,0.0,7.807557354925775
Gemma 4 31B,0.0,7.297300944669365
Gemma 4 31B,0.0,6.223076923076922
Gemma 4 31B,0.0,9.633738191632927
Gemma 4 31B,0.0,9.230904183535761
Gemma 4 31B,0.0,5.8739541160593784
Gemma 4 31B,0.0,5.981376518218623
Gemma 4 31B,0.0,6.1693657219973
Gemma 4 31B,0.0,7.914979757085019
Gemma 4 31B,0.0,7.001889338731443
Gemma 4 31B,0.0,7.807557354925775
Gemma 4 31B,0.0,11.325641025641024
Gemma 4 31B,0.0,7.082456140350876
Gemma 4 31B,0.0,6.1693657219973
Gemma 4 31B,0.0,6.572199730094466
Gemma 4 31B,0.0,5.8739541160593784
Gemma 4 31B,0.0,9.016059379217273
Gemma 4 31B,0.0,6.67962213225371
Gemma 4 31B,0.0,6.975033738191632
Gemma 4 31B,0.0,11.674763832658568
Gemma 4 31B,0.0,7.592712550607287
Gemma 4 31B,0.0,7.700134952766531
Gemma 4 31B,0.0,7.914979757085019
Gemma 4 31B,0.0,7.082456140350876
Gemma 4 31B,0.0,7.082456140350876
Gemma 4 31B,0.0,10.143994601889338
Gemma 4 31B,0.0,8.264102564102563
Gemma 4 31B,0.0,6.223076923076922
Gemma 4 31B,0.0,7.404723346828609
Gemma 4 31B,0.0,9.44574898785425
Gemma 4 31B,0.0,7.189878542510121
Gemma 4 31B,0.053981106612685556,8.45209176788124
Gemma 4 31B,0.0,7.082456140350876
Gemma 4 31B,0.0,10.654251012145748
Gemma 4 31B,0.0,6.384210526315789
Gemma 4 31B,0.0,7.243589743589743
Gemma 4 31B,0.0,6.894466936572199
Gemma 4 31B,0.0,6.1693657219973
Gemma 4 31B,0.0,8.210391363022941
Gemma 4 31B,0.0,7.297300944669365
Gemma 4 31B,0.0,6.061943319838056
Gemma 4 31B,0.0,6.464777327935222
Gemma 4 31B,0.0,7.404723346828609
Gemma 4 31B,0.0,7.485290148448042
Gemma 4 31B,0.0,5.8739541160593784
Gemma 4 31B,0.0,7.485290148448042
Gemma 4 31B,0.0,7.189878542510121
Gemma 4 31B,0.0,8.613225371120107
Gemma 4 31B,0.0,8.613225371120107
Gemma 4 31B,0.053981106612685556,9.794871794871794
Gemma 4 31B,0.0,6.464777327935222
Gemma 4 31B,0.0,7.807557354925775
Gemma 4 31B,0.0,6.894466936572199
Gemma 4 31B,0.0,8.613225371120107
Gemma 4 31B,0.0,9.44574898785425
Gemma 4 31B,0.0,10.546828609986504
Gemma 4 31B,0.0,7.914979757085019
Gemma 4 31B,0.0,5.8739541160593784
Gemma 4 31B,0.0,7.512145748987853
Gemma 4 31B,0.0,6.894466936572199
Gemma 4 31B,0.0,6.67962213225371
Gemma 4 31B,0.0,7.807557354925775
Gemma 4 31B,0.0,12.695276653171389
Gemma 4 31B,0.0,10.761673414304992
Gemma 4 31B,0.0,7.243589743589743
Gemma 4 31B,0.0,6.384210526315789
Gemma 4 31B,0.0,7.082456140350876
Gemma 4 31B,0.0,7.001889338731443
Gemma 4 31B,0.0,6.464777327935222
Gemma 4 31B,0.0,8.102968960863697
Gemma 4 31B,0.0,8.210391363022941
Gemma 4 31B,0.0,7.753846153846153
Gemma 4 31B,0.0,6.572199730094466
Gemma 4 31B,0.0,6.276788124156544
Gemma 4 31B,0.0,6.061943319838056
Gemma 4 31B,0.0,10.358839406207826
Gemma 4 31B,0.0,6.1693657219973
Gemma 4 31B,0.0,9.794871794871794
Gemma 4 31B,0.0,6.061943319838056
Gemma 4 31B,0.0,9.338326585695006
Gemma 4 31B,0.0,6.67962213225371
Gemma 4 31B,0.0,6.572199730094466
Gemma 4 31B,0.0,7.404723346828609
Gemma 4 31B,0.0,7.404723346828609
Gemma 4 31B,0.0,7.592712550607287
Gemma 4 31B,0.0,6.787044534412955
Gemma 4 31B,0.0,10.143994601889338
Gemma 4 31B,0.0,6.894466936572199
Gemma 4 31B,0.0,6.384210526315789
Gemma 4 31B,0.0,9.633738191632927
Gemma 4 31B,0.0,6.7333333333333325
Gemma 4 31B,0.0,8.210391363022941
Gemma 4 31B,0.0,5.65910931174089
Gemma 4 31B,0.0,7.189878542510121
Gemma 4 31B,0.0,6.787044534412955
Gemma 4 31B,0.026990553306342778,8.237246963562752
Gemma 4 31B,0.0,5.8739541160593784
Gemma 4 31B,0.24291497975708498,14.602024291497974
Gemma 4 31B,0.0,9.526315789473683
Gemma 4 31B,0.0,7.700134952766531
Gemma 4 31B,0.0,5.766531713900134
Gemma 4 31B,0.0,5.363697705802968
Gemma 4 31B,0.0,7.700134952766531
Gemma 4 31B,0.0,7.512145748987853
Gemma 4 31B,0.0,7.404723346828609
Gemma 4 31B,0.0,6.464777327935222
Gemma 4 31B,0.0,9.526315789473683
Gemma 4 31B,0.0,9.338326585695006
Gemma 4 31B,0.0,6.223076923076922
Gemma 4 31B,0.0,8.93549257759784
Gemma 4 31B,0.0,7.189878542510121
Gemma 4 31B,0.0,7.9955465587044525
Gemma 4 31B,0.0,7.297300944669365
Gemma 4 31B,0.0,6.894466936572199
Gemma 4 31B,0.0,6.384210526315789
Gemma 4 31B,0.0,6.276788124156544
Gemma 4 31B,0.0,10.97651821862348
Gemma 4 31B,0.0,8.613225371120107
Gemma 4 31B,0.0,8.42523616734143
Gemma 4 31B,0.0,7.297300944669365
Gemma 4 31B,0.0,7.404723346828609
Gemma 4 31B,0.0,8.317813765182185
Gemma 4 31B,0.0,8.210391363022941
Gemma 4 31B,0.0,7.807557354925775
Gemma 4 31B,0.0,7.700134952766531
Gemma 4 31B,0.0,7.082456140350876
Gemma 4 31B,0.0,5.766531713900134
Gemma 4 31B,0.0,8.42523616734143
Gemma 4 31B,0.0,8.210391363022941
Gemma 4 31B,0.0,7.082456140350876
Gemma 4 31B,0.0,6.1693657219973
Gemma 4 31B,0.0,5.954520917678812
Gemma 4 31B,0.0,10.143994601889338
Gemma 4 31B,0.0,7.243589743589743
Gemma 4 31B,0.0,6.491632928475033
Gemma 4 31B,0.0,5.8739541160593784
Gemma 4 31B,0.0,6.061943319838056
Gemma 4 31B,0.0,7.243589743589743
Gemma 4 31B,0.0,5.65910931174089
Gemma 4 31B,0.0,6.276788124156544
Gemma 4 31B,0.0,6.491632928475033
Gemma 4 31B,0.0,7.404723346828609
Gemma 4 31B,0.0,8.613225371120107
Gemma 4 31B,0.0,8.264102564102563
Gemma 4 31B,0.0,6.384210526315789
Gemma 4 31B,0.0,7.700134952766531
Gemma 4 31B,0.0,6.572199730094466
Gemma 4 31B,0.0,7.082456140350876
Gemma 4 31B,0.08097165991902833,9.284615384615384
Gemma 4 31B,0.0,8.774358974358973
Gemma 4 31B,0.0,7.001889338731443
Gemma 4 31B,0.20242914979757082,20.0
Gemma 4 31B,0.0,9.44574898785425
Gemma 4 31B,0.0,10.97651821862348
Gemma 4 31B,0.0,7.914979757085019
Gemma 4 31B,0.0,6.464777327935222
Gemma 4 31B,0.0,6.894466936572199
Gemma 4 31B,0.0,7.082456140350876
Gemma 4 31B,0.0,6.975033738191632
Gemma 4 31B,0.0,6.572199730094466
Gemma 4 31B,0.0,8.102968960863697
Gemma 4 31B,0.0,6.384210526315789
Gemma 4 31B,0.053981106612685556,10.815384615384614
Gemma 4 31B,0.0,8.42523616734143
Gemma 4 31B,0.0,7.592712550607287
Gemma 4 31B,0.0,6.67962213225371
Gemma 4 31B,0.0,5.766531713900134
Gemma 4 31B,0.0,6.67962213225371
Gemma 4 31B,0.0,7.189878542510121
Gemma 4 31B,0.0,6.894466936572199
Gemma 4 31B,0.0,7.404723346828609
Gemma 4 31B,0.0,13.608367071524965
Gemma 4 31B,0.0,6.787044534412955
Gemma 4 31B,0.0,7.297300944669365
Gemma 4 31B,0.0,7.700134952766531
Gemma 4 31B,0.0,6.787044534412955
Gemma 4 31B,0.0,6.061943319838056
Gemma 4 31B,0.0,7.592712550607287
Gemma 4 31B,0.0,5.8739541160593784
Gemma 4 31B,0.0,7.001889338731443
Gemma 4 31B,0.0,8.210391363022941
Gemma 4 31B,0.0,7.082456140350876
Gemma 4 31B,0.0,8.42523616734143
Gemma 4 31B,0.0,6.1693657219973
Gemma 4 31B,0.0,6.67962213225371
Gemma 4 31B,0.0,8.505802968960863
Gemma 4 31B,0.0,7.9955465587044525
Gemma 4 31B,0.0,5.954520917678812
Gemma 4 31B,0.0,7.807557354925775
Gemma 4 31B,0.0,9.123481781376517
Gemma 4 31B,0.0,8.720647773279351
Gemma 4 31B,0.0,7.001889338731443
Gemma 4 31B,0.0,6.1693657219973
Gemma 4 31B,0.0,6.491632928475033
Gemma 4 31B,0.0,7.243589743589743
Gemma 4 31B,0.0,8.613225371120107
Gemma 4 31B,0.0,6.491632928475033
Gemma 4 31B,0.0,8.210391363022941
Gemma 4 31B,0.0,7.807557354925775
Gemma 4 31B,0.0,7.189878542510121
Gemma 4 31B,0.0,7.082456140350876
Gemma 4 31B,0.0,6.572199730094466
Gemma 4 31B,0.0,7.592712550607287
Gemma 4 31B,0.0,6.787044534412955
Gemma 4 31B,0.0,5.65910931174089
Gemma 4 31B,0.0,7.914979757085019
Gemma 4 31B,0.0,7.592712550607287
Gemma 4 31B,0.0,7.914979757085019
Gemma 4 31B,0.0,11.379352226720647
Gemma 4 31B,0.0,6.894466936572199
Gemma 4 31B,0.0,7.485290148448042
Gemma 4 31B,0.0,6.572199730094466
Gemma 4 31B,0.0,8.774358974358973
Gemma 4 31B,0.0,8.022402159244264
Gemma 4 31B,0.0,6.061943319838056
Gemma 4 31B,0.0,8.102968960863697
Gemma 4 31B,0.0,7.001889338731443
Gemma 4 31B,0.0,7.404723346828609
Gemma 4 31B,0.0,7.592712550607287
Gemma 4 31B,0.0,9.016059379217273
Gemma 4 31B,0.0,7.297300944669365
Gemma 4 31B,0.0,6.384210526315789
Gemma 4 31B,0.0,7.512145748987853
Gemma 4 31B,0.053981106612685556,10.70796221322537
Gemma 4 31B,0.0,8.210391363022941
Gemma 4 31B,0.0,6.276788124156544
Gemma 4 31B,0.0,7.753846153846153
Gemma 4 31B,0.0,7.592712550607287
Gemma 4 31B,0.0,6.276788124156544
Gemma 4 31B,0.0,5.8739541160593784
Gemma 4 31B,0.0,6.572199730094466
Gemma 4 31B,0.0,7.243589743589743
Gemma 4 31B,0.0,6.894466936572199
Gemma 4 31B,0.0,8.42523616734143
Gemma 4 31B,0.0,6.787044534412955
Gemma 4 31B,0.0,8.022402159244264
Gemma 4 31B,0.0,6.975033738191632
Gemma 4 31B,0.0,6.223076923076922
Gemma 4 31B,0.0,6.894466936572199
Gemma 4 31B,0.0,7.189878542510121
Gemma 4 31B,0.0,8.828070175438596
Gemma 4 31B,0.0,7.243589743589743
Gemma 4 31B,0.0,7.404723346828609
Gemma 4 31B,0.0,8.210391363022941
Gemma 4 31B,0.0,6.787044534412955
Gemma 4 31B,0.0,5.766531713900134
Gemma 4 31B,0.0,6.061943319838056
Gemma 4 31B,0.0,5.551686909581646
Gemma 4 31B,0.0,7.189878542510121
Gemma 4 31B,0.0,6.67962213225371
Gemma 4 31B,0.0,7.189878542510121
Gemma 4 31B,0.0,7.297300944669365
Gemma 4 31B,0.0,9.230904183535761
Gemma 4 31B,0.0,9.123481781376517
Gemma 4 31B,0.0,6.572199730094466
Gemma 4 31B,0.0,7.807557354925775
Gemma 4 31B,0.0,6.7333333333333325
Gemma 4 31B,0.0,6.1693657219973
Gemma 4 31B,0.0,6.67962213225371
Gemma 4 31B,0.0,6.276788124156544
Gemma 4 31B,0.0,8.264102564102563
Gemma 4 31B,0.026990553306342778,7.216734143049932
Gemma 4 31B,0.0,6.061943319838056
Gemma 4 31B,0.0,7.753846153846153
Gemma 4 31B,0.0,6.384210526315789
Gemma 4 31B,0.0,7.404723346828609
Gemma 4 31B,0.0,10.143994601889338
Gemma 4 31B,0.0,6.572199730094466
Gemma 4 31B,0.0,6.894466936572199
Gemma 4 31B,0.0,6.1693657219973
Gemma 4 31B,0.24291497975708498,16.93846153846154
Gemma 4 31B,0.0,8.102968960863697
Gemma 4 31B,0.0,6.1693657219973
Gemma 4 31B,0.0,8.317813765182185
Gemma 4 31B,0.0,5.202564102564102
Gemma 4 31B,0.0,8.264102564102563
Gemma 4 31B,0.0,7.700134952766531
Gemma 4 31B,0.053981106612685556,10.19770580296896
Gemma 4 31B,0.0,8.532658569500674
Gemma 4 31B,0.0,8.93549257759784
Gemma 4 31B,0.0,6.975033738191632
Gemma 4 31B,0.0,6.7333333333333325
Gemma 4 31B,0.0,8.102968960863697
GPT-4o,5.384615384615384,0.5028340080971659
GPT-4o,5.371120107962213,0.5834008097165991
GPT-4o,5.425101214574898,0.5834008097165991
GPT-4o,4.358974358974359,0.5028340080971659
GPT-4o,3.5897435897435894,0.5028340080971659
GPT-4o,5.06072874493927,0.5834008097165991
GPT-4o,7.786774628879892,0.5834008097165991
GPT-4o,4.912280701754385,0.5834008097165991
GPT-4o,9.487179487179485,0.15371120107962213
GPT-4o,4.143049932523616,0.5834008097165991
GPT-4o,4.804318488529015,0.5834008097165991
GPT-4o,5.006747638326585,0.5834008097165991
GPT-4o,4.615384615384615,0.5028340080971659
GPT-4o,4.358974358974359,0.5028340080971659
GPT-4o,3.846153846153846,0.5028340080971659
GPT-4o,3.333333333333333,0.5028340080971659
GPT-4o,5.681511470985154,0.5834008097165991
GPT-4o,3.2793522267206474,0.5028340080971659
GPT-4o,9.487179487179485,0.15371120107962213
GPT-4o,3.5897435897435894,0.5028340080971659
GPT-4o,4.615384615384615,0.5028340080971659
GPT-4o,5.425101214574898,0.5834008097165991
GPT-4o,3.846153846153846,0.5028340080971659
GPT-4o,3.333333333333333,0.5028340080971659
GPT-4o,8.299595141700403,0.5834008097165991
GPT-4o,4.615384615384615,0.5028340080971659
GPT-4o,3.5897435897435894,0.5028340080971659
GPT-4o,4.804318488529015,0.5834008097165991
GPT-4o,4.615384615384615,0.5028340080971659
GPT-4o,5.006747638326585,0.5834008097165991
GPT-4o,10.0,0.1
GPT-4o,5.168690958164642,0.5834008097165991
GPT-4o,10.0,0.1
GPT-4o,5.128205128205128,0.5028340080971659
GPT-4o,4.358974358974359,0.5028340080971659
GPT-4o,5.371120107962213,0.5834008097165991
GPT-4o,4.871794871794871,0.5028340080971659
GPT-4o,4.358974358974359,0.5028340080971659
GPT-4o,9.487179487179485,0.15371120107962213
GPT-4o,3.5897435897435894,0.5028340080971659
GPT-4o,6.248313090418353,0.5834008097165991
GPT-4o,5.128205128205128,0.5028340080971659
GPT-4o,10.0,0.1
GPT-4o,4.358974358974359,0.5028340080971659
GPT-4o,3.5897435897435894,0.5028340080971659
GPT-4o,4.871794871794871,0.5028340080971659
GPT-4o,4.358974358974359,0.5028340080971659
GPT-4o,3.846153846153846,0.5028340080971659
GPT-4o,3.0769230769230766,0.5028340080971659
GPT-4o,4.358974358974359,0.5028340080971659
GPT-4o,5.128205128205128,0.5028340080971659
GPT-4o,4.358974358974359,0.5028340080971659
GPT-4o,5.209176788124156,0.5834008097165991
GPT-4o,4.615384615384615,0.5028340080971659
GPT-4o,9.40620782726046,0.1
GPT-4o,3.535762483130904,0.5028340080971659
GPT-4o,5.128205128205128,0.5028340080971659
GPT-4o,4.358974358974359,0.5028340080971659
GPT-4o,10.0,0.1
GPT-4o,4.358974358974359,0.5028340080971659
GPT-4o,5.937921727395411,0.5834008097165991
GPT-4o,3.5897435897435894,0.5028340080971659
GPT-4o,4.102564102564102,0.5028340080971659
GPT-4o,5.384615384615384,0.5028340080971659
GPT-4o,3.846153846153846,0.5028340080971659
GPT-4o,4.358974358974359,0.5028340080971659
GPT-4o,4.615384615384615,0.5028340080971659
GPT-4o,3.5897435897435894,0.5028340080971659
GPT-4o,4.358974358974359,0.5028340080971659
GPT-4o,6.140350877192982,0.5834008097165991
GPT-4o,4.871794871794871,0.5028340080971659
GPT-4o,4.871794871794871,0.5028340080971659
GPT-4o,4.912280701754385,0.5834008097165991
GPT-4o,4.615384615384615,0.5028340080971659
GPT-4o,4.102564102564102,0.5028340080971659
GPT-4o,4.089068825910931,0.5834008097165991
GPT-4o,4.615384615384615,0.5028340080971659
GPT-4o,4.358974358974359,0.5028340080971659
GPT-4o,3.846153846153846,0.5028340080971659
GPT-4o,4.615384615384615,0.5028340080971659
GPT-4o,9.487179487179485,0.15371120107962213
GPT-4o,4.615384615384615,0.5028340080971659
GPT-4o,5.128205128205128,0.5028340080971659
GPT-4o,5.681511470985154,0.5834008097165991
GPT-4o,9.487179487179485,0.15371120107962213
GPT-4o,10.0,0.1
GPT-4o,3.79217273954116,0.5028340080971659
GPT-4o,10.0,0.1
GPT-4o,4.358974358974359,0.5028340080971659
GPT-4o,10.0,0.1
GPT-4o,3.846153846153846,0.5028340080971659
GPT-4o,4.102564102564102,0.5028340080971659
GPT-4o,3.225371120107962,0.5028340080971659
GPT-4o,4.615384615384615,0.5028340080971659
GPT-4o,4.615384615384615,0.5028340080971659
GPT-4o,4.358974358974359,0.5028340080971659
GPT-4o,4.102564102564102,0.5028340080971659
GPT-4o,5.384615384615384,0.5028340080971659
GPT-4o,4.615384615384615,0.5028340080971659
GPT-4o,4.358974358974359,0.5028340080971659
GPT-4o,10.0,0.1
GPT-4o,5.384615384615384,0.5028340080971659
GPT-4o,4.871794871794871,0.5028340080971659
GPT-4o,4.102564102564102,0.5028340080971659
GPT-4o,4.102564102564102,0.5028340080971659
GPT-4o,6.194331983805667,0.5834008097165991
GPT-4o,4.696356275303644,0.5834008097165991
GPT-4o,10.0,0.1
GPT-4o,4.871794871794871,0.5028340080971659
GPT-4o,5.384615384615384,0.5028340080971659
GPT-4o,4.358974358974359,0.5028340080971659
GPT-4o,5.519568151147098,0.5834008097165991
GPT-4o,4.615384615384615,0.5028340080971659
GPT-4o,4.615384615384615,0.5028340080971659
GPT-4o,5.425101214574898,0.5834008097165991
GPT-4o,4.358974358974359,0.5028340080971659
GPT-4o,4.3994601889338725,0.5834008097165991
GPT-4o,4.358974358974359,0.5028340080971659
GPT-4o,4.615384615384615,0.5028340080971659
GPT-4o,5.573549257759783,0.5834008097165991
GPT-4o,5.991902834008097,0.5834008097165991
GPT-4o,5.371120107962213,0.5834008097165991
GPT-4o,9.487179487179485,0.15371120107962213
GPT-4o,5.681511470985154,0.5834008097165991
GPT-4o,4.358974358974359,0.5028340080971659
GPT-4o,3.333333333333333,0.5028340080971659
GPT-4o,3.535762483130904,0.5028340080971659
GPT-4o,3.5897435897435894,0.5028340080971659
GPT-4o,5.465587044534413,0.5834008097165991
GPT-4o,3.846153846153846,0.5028340080971659
GPT-4o,4.615384615384615,0.5028340080971659
GPT-4o,4.102564102564102,0.5028340080971659
GPT-4o,4.615384615384615,0.5028340080971659
GPT-4o,7.058029689608636,0.5834008097165991
GPT-4o,4.102564102564102,0.5028340080971659
GPT-4o,3.846153846153846,0.5028340080971659
GPT-4o,5.168690958164642,0.5834008097165991
GPT-4o,4.615384615384615,0.5028340080971659
GPT-4o,4.615384615384615,0.5028340080971659
GPT-4o,3.333333333333333,0.5028340080971659
GPT-4o,7.58434547908232,0.5834008097165991
GPT-4o,4.358974358974359,0.5028340080971659
GPT-4o,5.006747638326585,0.5834008097165991
GPT-4o,5.06072874493927,0.5834008097165991
GPT-4o,3.846153846153846,0.5028340080971659
GPT-4o,3.535762483130904,0.5028340080971659
GPT-4o,10.0,0.15371120107962213
GPT-4o,5.128205128205128,0.5028340080971659
GPT-4o,4.358974358974359,0.5028340080971659
GPT-4o,3.333333333333333,0.5028340080971659
GPT-4o,3.2793522267206474,0.5028340080971659
GPT-4o,3.846153846153846,0.5028340080971659
GPT-4o,5.897435897435897,0.5028340080971659
GPT-4o,4.615384615384615,0.5028340080971659
GPT-4o,4.358974358974359,0.5028340080971659
GPT-4o,10.0,0.1
GPT-4o,4.615384615384615,0.5028340080971659
GPT-4o,4.358974358974359,0.5028340080971659
GPT-4o,4.102564102564102,0.5028340080971659
GPT-4o,9.487179487179485,0.15371120107962213
GPT-4o,3.5897435897435894,0.5028340080971659
GPT-4o,5.991902834008097,0.5834008097165991
GPT-4o,9.487179487179485,0.15371120107962213
GPT-4o,3.225371120107962,0.5028340080971659
GPT-4o,9.311740890688258,0.1
GPT-4o,9.487179487179485,0.15371120107962213
GPT-4o,4.804318488529015,0.5834008097165991
GPT-4o,4.358974358974359,0.5028340080971659
GPT-4o,3.5897435897435894,0.5028340080971659
GPT-4o,3.846153846153846,0.5028340080971659
GPT-4o,5.06072874493927,0.5834008097165991
GPT-4o,3.333333333333333,0.5028340080971659
GPT-4o,5.371120107962213,0.5834008097165991
GPT-4o,4.358974358974359,0.5028340080971659
GPT-4o,3.5897435897435894,0.5028340080971659
GPT-4o,3.846153846153846,0.5028340080971659
GPT-4o,4.615384615384615,0.5028340080971659
GPT-4o,9.757085020242915,0.1
GPT-4o,9.487179487179485,0.15371120107962213
GPT-4o,3.846153846153846,0.5028340080971659
GPT-4o,4.615384615384615,0.5028340080971659
GPT-4o,4.615384615384615,0.5028340080971659
GPT-4o,3.5897435897435894,0.5028340080971659
GPT-4o,4.358974358974359,0.5028340080971659
GPT-4o,4.102564102564102,0.5028340080971659
GPT-4o,4.871794871794871,0.5028340080971659
GPT-4o,3.846153846153846,0.5028340080971659
GPT-4o,3.535762483130904,0.5028340080971659
GPT-4o,5.7354925775978405,0.5834008097165991
GPT-4o,10.0,0.1
GPT-4o,4.102564102564102,0.5028340080971659
GPT-4o,4.358974358974359,0.5028340080971659
GPT-4o,3.846153846153846,0.5028340080971659
GPT-4o,9.23076923076923,0.1
GPT-4o,5.06072874493927,0.5834008097165991
GPT-4o,10.0,0.1
GPT-4o,5.573549257759783,0.5834008097165991
GPT-4o,4.102564102564102,0.5028340080971659
GPT-4o,6.50472334682861,0.5834008097165991
GPT-4o,4.871794871794871,0.5028340080971659
GPT-4o,4.102564102564102,0.5028340080971659
GPT-4o,10.0,0.1
GPT-4o,10.0,0.1
GPT-4o,3.643724696356275,1.281646423751687
GPT-4o,4.102564102564102,0.5028340080971659
GPT-4o,5.168690958164642,0.5834008097165991
GPT-4o,4.102564102564102,0.5028340080971659
GPT-4o,3.5897435897435894,0.5028340080971659
GPT-4o,4.804318488529015,0.5834008097165991
GPT-4o,9.487179487179485,0.15371120107962213
GPT-4o,4.102564102564102,0.5028340080971659
GPT-4o,4.358974358974359,0.5028340080971659
GPT-4o,4.345479082321187,0.5834008097165991
GPT-4o,10.0,0.1
GPT-4o,4.601889338731444,0.5834008097165991
GPT-4o,8.55600539811066,0.5834008097165991
GPT-4o,5.384615384615384,0.5028340080971659
GPT-4o,5.1147098515519565,0.5834008097165991
GPT-4o,3.5897435897435894,0.5028340080971659
GPT-4o,3.846153846153846,0.5028340080971659
GPT-4o,4.871794871794871,0.5028340080971659
GPT-4o,4.871794871794871,0.5028340080971659
GPT-4o,5.128205128205128,0.5028340080971659
GPT-4o,3.846153846153846,0.5028340080971659
GPT-4o,9.487179487179485,0.15371120107962213
GPT-4o,4.750337381916329,0.5834008097165991
GPT-4o,5.479082321187584,0.5834008097165991
GPT-4o,3.846153846153846,0.5028340080971659
GPT-4o,5.573549257759783,0.5834008097165991
GPT-4o,3.79217273954116,0.5028340080971659
GPT-4o,3.79217273954116,0.5028340080971659
GPT-4o,3.5897435897435894,0.5028340080971659
GPT-4o,4.358974358974359,0.5028340080971659
GPT-4o,10.0,0.1
GPT-4o,4.871794871794871,0.5028340080971659
GPT-4o,3.846153846153846,0.5028340080971659
GPT-4o,5.479082321187584,0.5834008097165991
GPT-4o,4.9527665317139,0.5834008097165991
GPT-4o,3.2793522267206474,0.5028340080971659
GPT-4o,4.102564102564102,0.5028340080971659
GPT-4o,5.263157894736842,0.5834008097165991
GPT-4o,5.425101214574898,0.5834008097165991
GPT-4o,9.487179487179485,0.15371120107962213
GPT-4o,4.3994601889338725,0.5834008097165991
GPT-4o,4.102564102564102,0.5028340080971659
GPT-4o,10.0,0.1
GPT-4o,2.7665317139001346,0.5028340080971659
GPT-4o,4.102564102564102,0.5028340080971659
GPT-4o,3.846153846153846,0.5028340080971659
GPT-4o,5.519568151147098,0.5834008097165991
GPT-4o,5.1147098515519565,0.5834008097165991
GPT-4o,6.153846153846153,0.5028340080971659
GPT-4o,5.317139001349528,0.5834008097165991
GPT-4o,4.655870445344129,0.5834008097165991
GPT-4o,3.225371120107962,0.5028340080971659
GPT-4o,4.615384615384615,0.5028340080971659
GPT-4o,4.358974358974359,0.5028340080971659
GPT-4o,4.615384615384615,0.5028340080971659
GPT-4o,4.358974358974359,0.5028340080971659
GPT-4o,4.358974358974359,0.5028340080971659
GPT-4o,3.846153846153846,0.5028340080971659
GPT-4o,4.102564102564102,0.5028340080971659
GPT-4o,5.384615384615384,0.5028340080971659
GPT-4o,4.615384615384615,0.5028340080971659
GPT-4o,4.615384615384615,0.5028340080971659
GPT-4o,9.487179487179485,0.15371120107962213
GPT-4o,5.06072874493927,0.5834008097165991
GPT-4o,3.5897435897435894,0.5028340080971659
GPT-4o,4.601889338731444,0.5834008097165991
GPT-4o,4.102564102564102,0.5028340080971659
GPT-4o,4.615384615384615,0.5028340080971659
GPT-4o,3.5897435897435894,0.5028340080971659
GPT-4o,4.358974358974359,0.5028340080971659
GPT-4o,3.5897435897435894,0.5028340080971659
GPT-4o,3.846153846153846,0.5028340080971659
GPT-4o,5.006747638326585,0.5834008097165991
GPT-4o,9.487179487179485,0.15371120107962213
GPT-4o,3.333333333333333,0.5028340080971659
GPT-4o,6.80161943319838,0.5834008097165991
GPT-4o,6.342780026990553,0.5834008097165991
GPT-4o,4.358974358974359,0.5028340080971659
GPT-4o,5.627530364372469,0.5834008097165991
GPT-4o,4.358974358974359,0.5028340080971659
GPT-4o,5.371120107962213,0.5834008097165991
GPT-4o,5.384615384615384,0.5028340080971659
GPT-4o,3.5897435897435894,0.5028340080971659
GPT-4o,3.846153846153846,0.5028340080971659
GPT-4o,4.358974358974359,0.5028340080971659
GPT-4o,3.225371120107962,0.5028340080971659
GPT-4o,4.102564102564102,0.5028340080971659
GPT-4o,4.615384615384615,0.5028340080971659
GPT-4o,9.487179487179485,0.15371120107962213
GPT-4o,5.317139001349528,0.5834008097165991
GPT-4o,3.333333333333333,0.5028340080971659
GPT-4o,4.102564102564102,0.5028340080971659
GPT-4o,9.487179487179485,0.1
GPT-4o,3.846153846153846,0.5028340080971659
GPT-4o,4.102564102564102,0.5028340080971659
GPT-4o,4.102564102564102,0.5028340080971659
GPT-4o,5.627530364372469,0.5834008097165991
GPT-5.4 Mini,0.0,3.1615384615384614
GPT-5.4 Mini,0.0,2.141025641025641
GPT-5.4 Mini,0.0,3.107827260458839
GPT-5.4 Mini,0.0,1.1205128205128205
GPT-5.4 Mini,0.0,2.4095816464237516
GPT-5.4 Mini,0.0,2.087314439946019
GPT-5.4 Mini,0.0,2.7049932523616733
GPT-5.4 Mini,0.0,3.0004048582995946
GPT-5.4 Mini,0.0,2.490148448043185
GPT-5.4 Mini,0.0,1.7919028340080971
GPT-5.4 Mini,0.0,1.36221322537112
GPT-5.4 Mini,0.0,1.8993252361673414
GPT-5.4 Mini,0.0,2.087314439946019
GPT-5.4 Mini,0.0,2.3021592442645074
GPT-5.4 Mini,0.0,3.618083670715249
GPT-5.4 Mini,0.0,2.087314439946019
GPT-5.4 Mini,0.0,1.4696356275303644
GPT-5.4 Mini,0.0,1.36221322537112
GPT-5.4 Mini,0.0,2.194736842105263
GPT-5.4 Mini,0.0,2.597570850202429
GPT-5.4 Mini,0.0,1.8724696356275303
GPT-5.4 Mini,0.0,2.4095816464237516
GPT-5.4 Mini,0.0,3.618083670715249
GPT-5.4 Mini,0.0,3.4300944669365716
GPT-5.4 Mini,0.0,1.8993252361673414
GPT-5.4 Mini,0.0,2.597570850202429
GPT-5.4 Mini,0.0,3.0004048582995946
GPT-5.4 Mini,0.0,1.4696356275303644
GPT-5.4 Mini,0.0,1.6844804318488529
GPT-5.4 Mini,0.0,3.1615384615384614
GPT-5.4 Mini,0.0,2.087314439946019
GPT-5.4 Mini,0.0,1.9798920377867746
GPT-5.4 Mini,0.0,1.9798920377867746
GPT-5.4 Mini,0.0,2.8124156545209176
GPT-5.4 Mini,0.0,2.490148448043185
GPT-5.4 Mini,0.0,2.490148448043185
GPT-5.4 Mini,0.0,2.651282051282051
GPT-5.4 Mini,0.0,2.3021592442645074
GPT-5.4 Mini,0.0,4.343184885290148
GPT-5.4 Mini,0.0,2.651282051282051
GPT-5.4 Mini,0.0,2.087314439946019
GPT-5.4 Mini,0.0,2.194736842105263
GPT-5.4 Mini,0.0,2.8124156545209176
GPT-5.4 Mini,0.0,2.3021592442645074
GPT-5.4 Mini,0.0,1.7919028340080971
GPT-5.4 Mini,0.0,3.107827260458839
GPT-5.4 Mini,0.0,1.1205128205128205
GPT-5.4 Mini,0.0,2.087314439946019
GPT-5.4 Mini,0.0,2.3021592442645074
GPT-5.4 Mini,0.0,1.9798920377867746
GPT-5.4 Mini,0.0,2.4095816464237516
GPT-5.4 Mini,0.0,2.194736842105263
GPT-5.4 Mini,0.0,1.7919028340080971
GPT-5.4 Mini,0.0,1.8724696356275303
GPT-5.4 Mini,0.0,1.9798920377867746
GPT-5.4 Mini,0.0,2.194736842105263
GPT-5.4 Mini,0.0,1.9798920377867746
GPT-5.4 Mini,0.0,2.8124156545209176
GPT-5.4 Mini,0.0,4.343184885290148
GPT-5.4 Mini,0.0,2.8929824561403503
GPT-5.4 Mini,0.0,1.9798920377867746
GPT-5.4 Mini,0.0,2.194736842105263
GPT-5.4 Mini,0.0,2.7049932523616733
GPT-5.4 Mini,0.0,1.281646423751687
GPT-5.4 Mini,0.0,1.7919028340080971
GPT-5.4 Mini,0.0,2.490148448043185
GPT-5.4 Mini,0.0,1.6844804318488529
GPT-5.4 Mini,0.0,3.618083670715249
GPT-5.4 Mini,0.0,2.3021592442645074
GPT-5.4 Mini,0.0,2.141025641025641
GPT-5.4 Mini,0.0,1.4696356275303644
GPT-5.4 Mini,0.0,3.7255060728744933
GPT-5.4 Mini,0.0,2.490148448043185
GPT-5.4 Mini,0.0,1.5770580296896086
GPT-5.4 Mini,0.0,1.4696356275303644
GPT-5.4 Mini,0.0,2.7049932523616733
GPT-5.4 Mini,0.0,1.5770580296896086
GPT-5.4 Mini,0.0,2.087314439946019
GPT-5.4 Mini,0.0,2.919838056680162
GPT-5.4 Mini,0.0,2.4095816464237516
GPT-5.4 Mini,0.0,2.087314439946019
GPT-5.4 Mini,0.0,2.490148448043185
GPT-5.4 Mini,0.0,2.919838056680162
GPT-5.4 Mini,0.0,2.8124156545209176
GPT-5.4 Mini,0.0,3.4032388663967605
GPT-5.4 Mini,0.0,2.8929824561403503
GPT-5.4 Mini,0.0,2.651282051282051
GPT-5.4 Mini,0.0,3.618083670715249
GPT-5.4 Mini,0.0,1.6844804318488529
GPT-5.4 Mini,0.0,3.107827260458839
GPT-5.4 Mini,0.0,2.490148448043185
GPT-5.4 Mini,0.0,2.490148448043185
GPT-5.4 Mini,0.0,2.8124156545209176
GPT-5.4 Mini,0.0,2.194736842105263
GPT-5.4 Mini,0.0,3.0004048582995946
GPT-5.4 Mini,0.0,2.8124156545209176
GPT-5.4 Mini,0.0,1.6307692307692307
GPT-5.4 Mini,0.0,2.8124156545209176
GPT-5.4 Mini,0.0,3.618083670715249
GPT-5.4 Mini,0.0,2.7049932523616733
GPT-5.4 Mini,0.0,4.128340080971659
GPT-5.4 Mini,0.0,1.3890688259109312
GPT-5.4 Mini,0.0,1.8724696356275303
GPT-5.4 Mini,0.0,2.7049932523616733
GPT-5.4 Mini,0.0,3.7255060728744933
GPT-5.4 Mini,0.0,1.8993252361673414
GPT-5.4 Mini,0.0,1.9798920377867746
GPT-5.4 Mini,0.0,2.194736842105263
GPT-5.4 Mini,0.0,1.8993252361673414
GPT-5.4 Mini,0.0,1.7919028340080971
GPT-5.4 Mini,0.0,1.281646423751687
GPT-5.4 Mini,0.0,2.651282051282051
GPT-5.4 Mini,0.0,1.8993252361673414
GPT-5.4 Mini,0.0,2.3021592442645074
GPT-5.4 Mini,0.0,2.4095816464237516
GPT-5.4 Mini,0.0,2.3021592442645074
GPT-5.4 Mini,0.0,2.919838056680162
GPT-5.4 Mini,0.0,2.597570850202429
GPT-5.4 Mini,0.0,2.3827260458839405
GPT-5.4 Mini,0.0,1.7919028340080971
GPT-5.4 Mini,0.0,2.597570850202429
GPT-5.4 Mini,0.0,4.6385964912280695
GPT-5.4 Mini,0.0,2.597570850202429
GPT-5.4 Mini,0.0,1.5770580296896086
GPT-5.4 Mini,0.0,3.618083670715249
GPT-5.4 Mini,0.0,2.7049932523616733
GPT-5.4 Mini,0.0,2.3021592442645074
GPT-5.4 Mini,0.0,2.3021592442645074
GPT-5.4 Mini,0.0,2.919838056680162
GPT-5.4 Mini,0.0,2.7049932523616733
GPT-5.4 Mini,0.0,3.107827260458839
GPT-5.4 Mini,0.0,5.766531713900134
GPT-5.4 Mini,0.0,2.7049932523616733
GPT-5.4 Mini,0.0,1.36221322537112
GPT-5.4 Mini,0.0,2.087314439946019
GPT-5.4 Mini,0.0,3.215249662618083
GPT-5.4 Mini,0.0,2.3021592442645074
GPT-5.4 Mini,0.0,2.4095816464237516
GPT-5.4 Mini,0.0,3.0004048582995946
GPT-5.4 Mini,0.0,2.8124156545209176
GPT-5.4 Mini,0.0,2.597570850202429
GPT-5.4 Mini,0.0,2.194736842105263
GPT-5.4 Mini,0.0,2.919838056680162
GPT-5.4 Mini,0.0,2.4095816464237516
GPT-5.4 Mini,0.0,2.087314439946019
GPT-5.4 Mini,0.0,1.5770580296896086
GPT-5.4 Mini,0.0,1.9798920377867746
GPT-5.4 Mini,0.0,3.0004048582995946
GPT-5.4 Mini,0.0,3.0004048582995946
GPT-5.4 Mini,0.0,1.8724696356275303
GPT-5.4 Mini,0.0,2.3021592442645074
GPT-5.4 Mini,0.0,3.1615384615384614
GPT-5.4 Mini,0.0,2.194736842105263
GPT-5.4 Mini,0.0,2.8124156545209176
GPT-5.4 Mini,0.0,2.194736842105263
GPT-5.4 Mini,0.0,2.4095816464237516
GPT-5.4 Mini,0.0,2.8124156545209176
GPT-5.4 Mini,0.0,1.7919028340080971
GPT-5.4 Mini,0.0,1.8993252361673414
GPT-5.4 Mini,0.0,2.7049932523616733
GPT-5.4 Mini,0.0,2.087314439946019
GPT-5.4 Mini,0.0,2.8124156545209176
GPT-5.4 Mini,0.0,2.8929824561403503
GPT-5.4 Mini,0.0,2.490148448043185
GPT-5.4 Mini,0.0,2.8929824561403503
GPT-5.4 Mini,0.0,2.3021592442645074
GPT-5.4 Mini,0.0,2.651282051282051
GPT-5.4 Mini,0.0,2.3021592442645074
GPT-5.4 Mini,0.0,2.194736842105263
GPT-5.4 Mini,0.0,2.3021592442645074
GPT-5.4 Mini,0.0,1.8993252361673414
GPT-5.4 Mini,0.0,2.4095816464237516
GPT-5.4 Mini,0.0,1.8993252361673414
GPT-5.4 Mini,0.0,3.618083670715249
GPT-5.4 Mini,0.0,1.8724696356275303
GPT-5.4 Mini,0.0,1.8724696356275303
GPT-5.4 Mini,0.0,1.8724696356275303
GPT-5.4 Mini,0.0,2.8124156545209176
GPT-5.4 Mini,0.0,2.194736842105263
GPT-5.4 Mini,0.0,1.6307692307692307
GPT-5.4 Mini,0.0,2.087314439946019
GPT-5.4 Mini,0.0,1.9798920377867746
GPT-5.4 Mini,0.0,2.141025641025641
GPT-5.4 Mini,0.0,3.107827260458839
GPT-5.4 Mini,0.0,2.087314439946019
GPT-5.4 Mini,0.0,2.490148448043185
GPT-5.4 Mini,0.0,3.940350877192982
GPT-5.4 Mini,0.0,1.7919028340080971
GPT-5.4 Mini,0.0,2.597570850202429
GPT-5.4 Mini,0.0,2.7049932523616733
GPT-5.4 Mini,0.0,2.7049932523616733
GPT-5.4 Mini,0.0,1.6844804318488529
GPT-5.4 Mini,0.0,2.597570850202429
GPT-5.4 Mini,0.0,2.8124156545209176
GPT-5.4 Mini,0.0,1.0668016194331984
GPT-5.4 Mini,0.0,2.8124156545209176
GPT-5.4 Mini,0.0,1.4696356275303644
GPT-5.4 Mini,0.0,1.5770580296896086
GPT-5.4 Mini,0.0,2.194736842105263
GPT-5.4 Mini,0.0,1.8993252361673414
GPT-5.4 Mini,0.0,2.087314439946019
GPT-5.4 Mini,0.0,2.490148448043185
GPT-5.4 Mini,0.0,2.919838056680162
GPT-5.4 Mini,0.0,2.194736842105263
GPT-5.4 Mini,0.0,1.9798920377867746
GPT-5.4 Mini,0.0,1.9798920377867746
GPT-5.4 Mini,0.0,2.490148448043185
GPT-5.4 Mini,0.0,1.9798920377867746
GPT-5.4 Mini,0.0,1.7919028340080971
GPT-5.4 Mini,0.0,2.490148448043185
GPT-5.4 Mini,0.0,3.107827260458839
GPT-5.4 Mini,0.0,3.107827260458839
GPT-5.4 Mini,0.0,1.5770580296896086
GPT-5.4 Mini,0.0,2.3021592442645074
GPT-5.4 Mini,0.0,1.5770580296896086
GPT-5.4 Mini,0.0,2.087314439946019
GPT-5.4 Mini,0.0,1.5770580296896086
GPT-5.4 Mini,0.0,1.9798920377867746
GPT-5.4 Mini,0.0,2.3021592442645074
GPT-5.4 Mini,0.0,3.510661268556005
GPT-5.4 Mini,0.0,2.7049932523616733
GPT-5.4 Mini,0.0,2.597570850202429
GPT-5.4 Mini,0.0,2.3021592442645074
GPT-5.4 Mini,0.0,1.9798920377867746
GPT-5.4 Mini,0.0,2.3827260458839405
GPT-5.4 Mini,0.0,1.7919028340080971
GPT-5.4 Mini,0.0,2.597570850202429
GPT-5.4 Mini,0.0,2.087314439946019
GPT-5.4 Mini,0.0,1.7919028340080971
GPT-5.4 Mini,0.0,2.141025641025641
GPT-5.4 Mini,0.0,1.9798920377867746
GPT-5.4 Mini,0.0,2.490148448043185
GPT-5.4 Mini,0.0,3.0004048582995946
GPT-5.4 Mini,0.0,3.3226720647773273
GPT-5.4 Mini,0.0,3.215249662618083
GPT-5.4 Mini,0.0,2.3021592442645074
GPT-5.4 Mini,0.0,0.959379217273954
GPT-5.4 Mini,0.0,2.8124156545209176
GPT-5.4 Mini,0.0,1.8724696356275303
GPT-5.4 Mini,0.0,2.3021592442645074
GPT-5.4 Mini,0.0,1.9798920377867746
GPT-5.4 Mini,0.0,1.4696356275303644
GPT-5.4 Mini,0.0,2.490148448043185
GPT-5.4 Mini,0.0,1.1742240215924427
GPT-5.4 Mini,0.0,2.087314439946019
GPT-5.4 Mini,0.0,3.0004048582995946
GPT-5.4 Mini,0.0,2.087314439946019
GPT-5.4 Mini,0.0,2.087314439946019
GPT-5.4 Mini,0.0,1.7919028340080971
GPT-5.4 Mini,0.0,2.597570850202429
GPT-5.4 Mini,0.0,1.6844804318488529
GPT-5.4 Mini,0.20242914979757082,3.8060728744939265
GPT-5.4 Mini,0.0,2.8124156545209176
GPT-5.4 Mini,0.0,1.6844804318488529
GPT-5.4 Mini,0.0,1.7919028340080971
GPT-5.4 Mini,0.40485829959514164,3.6717948717948716
GPT-5.4 Mini,0.0,3.0004048582995946
GPT-5.4 Mini,0.0,1.8724696356275303
GPT-5.4 Mini,0.0,1.6307692307692307
GPT-5.4 Mini,0.0,2.3021592442645074
GPT-5.4 Mini,0.0,1.9798920377867746
GPT-5.4 Mini,0.0,1.7919028340080971
GPT-5.4 Mini,0.0,2.597570850202429
GPT-5.4 Mini,0.0,3.1615384615384614
GPT-5.4 Mini,0.0,2.490148448043185
GPT-5.4 Mini,0.0,2.8929824561403503
GPT-5.4 Mini,0.0,2.141025641025641
GPT-5.4 Mini,0.0,1.3890688259109312
GPT-5.4 Mini,0.0,2.3827260458839405
GPT-5.4 Mini,0.0,2.3827260458839405
GPT-5.4 Mini,0.0,2.8124156545209176
GPT-5.4 Mini,0.0,1.9798920377867746
GPT-5.4 Mini,0.0,1.8993252361673414
GPT-5.4 Mini,0.0,3.3226720647773273
GPT-5.4 Mini,0.0,2.490148448043185
GPT-5.4 Mini,0.0,2.194736842105263
GPT-5.4 Mini,0.0,3.3226720647773273
GPT-5.4 Mini,0.0,2.3827260458839405
GPT-5.4 Mini,0.0,2.194736842105263
GPT-5.4 Mini,0.0,2.3021592442645074
GPT-5.4 Mini,0.0,3.0004048582995946
GPT-5.4 Mini,0.0,2.3021592442645074
GPT-5.4 Mini,0.0,2.8124156545209176
GPT-5.4 Mini,0.0,1.7919028340080971
GPT-5.4 Mini,0.0,3.0004048582995946
GPT-5.4 Mini,0.0,2.490148448043185
GPT-5.4 Mini,0.0,2.8124156545209176
GPT-5.4 Mini,0.0,2.3021592442645074
GPT-5.4 Mini,0.0,3.0004048582995946
GPT-5.4 Mini,0.0,2.8124156545209176
GPT-5.4 Mini,0.0,2.7049932523616733
GPT-5.4 Mini,0.0,2.3021592442645074
GPT-5.4 Mini,0.0,1.7919028340080971
GPT-5.4 Mini,0.0,2.087314439946019
GPT-5.4 Mini,0.0,2.087314439946019
GPT-5.4 Mini,0.0,1.281646423751687
GPT-5.4 Mini,0.0,2.3021592442645074
GPT-5.4 Mini,0.0,1.5770580296896086
GPT-5.4 Mini,0.0,1.9798920377867746
GPT-5.4 Mini,0.0,2.3021592442645074
Grok 4.1 Fast,0.0,9.633738191632927
Grok 4.1 Fast,0.20242914979757082,20.0
Grok 4.1 Fast,0.053981106612685556,11.325641025641024
Grok 4.1 Fast,0.0,9.95600539811066
Grok 4.1 Fast,0.0,9.44574898785425
Grok 4.1 Fast,0.0,9.042914979757084
Grok 4.1 Fast,0.026990553306342778,8.640080971659918
Grok 4.1 Fast,0.0,10.97651821862348
Grok 4.1 Fast,0.0,9.44574898785425
Grok 4.1 Fast,0.0,8.774358974358973
Grok 4.1 Fast,0.0,8.022402159244264
Grok 4.1 Fast,0.0,8.264102564102563
Grok 4.1 Fast,0.0,9.633738191632927
Grok 4.1 Fast,0.08097165991902833,11.325641025641024
Grok 4.1 Fast,0.0,9.848582995951416
Grok 4.1 Fast,0.0,7.807557354925775
Grok 4.1 Fast,0.0,9.44574898785425
Grok 4.1 Fast,0.0,13.312955465587043
Grok 4.1 Fast,0.0,11.48677462887989
Grok 4.1 Fast,0.0,10.654251012145748
Grok 4.1 Fast,0.0,10.815384615384614
Grok 4.1 Fast,0.0,8.505802968960863
Grok 4.1 Fast,0.0,8.022402159244264
Grok 4.1 Fast,0.026990553306342778,11.298785425101213
Grok 4.1 Fast,0.0,9.44574898785425
Grok 4.1 Fast,0.0,7.485290148448042
Grok 4.1 Fast,0.0,10.143994601889338
Grok 4.1 Fast,0.0,8.774358974358973
Grok 4.1 Fast,0.0,10.251417004048582
Grok 4.1 Fast,0.08097165991902833,13.876923076923076
Grok 4.1 Fast,0.0,9.741160593792172
Grok 4.1 Fast,0.0,7.189878542510121
Grok 4.1 Fast,0.0,8.613225371120107
Grok 4.1 Fast,0.0,13.312955465587043
Grok 4.1 Fast,0.053981106612685556,16.42820512820513
Grok 4.1 Fast,0.0,8.93549257759784
Grok 4.1 Fast,0.0,9.44574898785425
Grok 4.1 Fast,0.0,9.526315789473683
Grok 4.1 Fast,0.08097165991902833,16.93846153846154
Grok 4.1 Fast,0.0,10.036572199730093
Grok 4.1 Fast,0.0,7.404723346828609
Grok 4.1 Fast,0.0,9.230904183535761
Grok 4.1 Fast,0.0,9.848582995951416
Grok 4.1 Fast,0.24291497975708498,19.946288798920378
Grok 4.1 Fast,0.0,10.46626180836707
Grok 4.1 Fast,0.0,8.317813765182185
Grok 4.1 Fast,0.0,11.164507422402158
Grok 4.1 Fast,0.0,7.807557354925775
Grok 4.1 Fast,0.0,8.532658569500674
Grok 4.1 Fast,0.20242914979757082,20.0
Grok 4.1 Fast,0.053981106612685556,12.856410256410255
Grok 4.1 Fast,0.053981106612685556,15.407692307692306
Grok 4.1 Fast,0.0,11.48677462887989
Grok 4.1 Fast,0.0,10.251417004048582
Grok 4.1 Fast,0.0,11.835897435897435
Grok 4.1 Fast,0.08097165991902833,13.876923076923076
Grok 4.1 Fast,0.0,8.102968960863697
Grok 4.1 Fast,0.0,8.317813765182185
Grok 4.1 Fast,0.0,11.835897435897435
Grok 4.1 Fast,0.053981106612685556,11.835897435897435
Grok 4.1 Fast,0.053981106612685556,9.660593792172739
Grok 4.1 Fast,0.0,10.815384615384614
Grok 4.1 Fast,0.0,10.143994601889338
Grok 4.1 Fast,0.0,12.507287449392711
Grok 4.1 Fast,0.0,9.44574898785425
Grok 4.1 Fast,0.0,11.997031039136301
Grok 4.1 Fast,0.0,8.42523616734143
Grok 4.1 Fast,0.0,7.753846153846153
Grok 4.1 Fast,0.0,9.741160593792172
Grok 4.1 Fast,0.0,7.592712550607287
Grok 4.1 Fast,0.08097165991902833,9.794871794871794
Grok 4.1 Fast,0.0,10.305128205128204
Grok 4.1 Fast,0.0,7.700134952766531
Grok 4.1 Fast,0.0,10.97651821862348
Grok 4.1 Fast,0.0,8.93549257759784
Grok 4.1 Fast,0.08097165991902833,9.794871794871794
Grok 4.1 Fast,0.026990553306342778,12.023886639676112
Grok 4.1 Fast,0.0,12.910121457489877
Grok 4.1 Fast,0.0,9.123481781376517
Grok 4.1 Fast,0.0,7.753846153846153
Grok 4.1 Fast,0.0,20.0
Grok 4.1 Fast,0.0,9.44574898785425
Grok 4.1 Fast,0.0,10.251417004048582
Grok 4.1 Fast,0.053981106612685556,11.325641025641024
Grok 4.1 Fast,0.0,10.654251012145748
Grok 4.1 Fast,0.0,10.869095816464236
Grok 4.1 Fast,0.0,11.48677462887989
Grok 4.1 Fast,0.0,8.828070175438596
Grok 4.1 Fast,0.026990553306342778,9.150337381916328
Grok 4.1 Fast,0.0,9.526315789473683
Grok 4.1 Fast,0.08097165991902833,11.325641025641024
Grok 4.1 Fast,0.0,8.42523616734143
Grok 4.1 Fast,0.0,8.93549257759784
Grok 4.1 Fast,0.053981106612685556,10.600539811066126
Grok 4.1 Fast,0.0,10.654251012145748
Grok 4.1 Fast,0.0,10.46626180836707
Grok 4.1 Fast,0.0,9.338326585695006
Grok 4.1 Fast,0.0,9.230904183535761
Grok 4.1 Fast,0.0,8.828070175438596
Grok 4.1 Fast,0.0,9.123481781376517
Grok 4.1 Fast,0.053981106612685556,11.835897435897435
Grok 4.1 Fast,0.0,13.312955465587043
Grok 4.1 Fast,0.053981106612685556,15.407692307692306
Grok 4.1 Fast,0.0,11.48677462887989
Grok 4.1 Fast,0.0,11.997031039136301
Grok 4.1 Fast,0.053981106612685556,11.835897435897435
Grok 4.1 Fast,0.24291497975708498,18.97948717948718
Grok 4.1 Fast,0.026990553306342778,10.278272604588393
Grok 4.1 Fast,0.0,10.573684210526315
Grok 4.1 Fast,0.0,10.46626180836707
Grok 4.1 Fast,0.0,8.42523616734143
Grok 4.1 Fast,0.0,12.695276653171389
Grok 4.1 Fast,0.053981106612685556,11.835897435897435
Grok 4.1 Fast,0.0,9.123481781376517
Grok 4.1 Fast,0.0,8.774358974358973
Grok 4.1 Fast,0.026990553306342778,13.259244264507421
Grok 4.1 Fast,0.0,8.828070175438596
Grok 4.1 Fast,0.053981106612685556,14.387179487179486
Grok 4.1 Fast,0.0,9.848582995951416
Grok 4.1 Fast,0.0,8.102968960863697
Grok 4.1 Fast,0.20242914979757082,19.946288798920378
Grok 4.1 Fast,0.0,8.42523616734143
Grok 4.1 Fast,0.0,8.720647773279351
Grok 4.1 Fast,0.0,9.123481781376517
Grok 4.1 Fast,0.0,8.264102564102563
Grok 4.1 Fast,0.0,8.613225371120107
Grok 4.1 Fast,0.0,10.46626180836707
Grok 4.1 Fast,0.0,8.613225371120107
Grok 4.1 Fast,0.0,10.761673414304992
Grok 4.1 Fast,0.053981106612685556,13.876923076923076
Grok 4.1 Fast,0.0,8.42523616734143
Grok 4.1 Fast,0.0,10.97651821862348
Grok 4.1 Fast,0.0,8.42523616734143
Grok 4.1 Fast,0.0,9.44574898785425
Grok 4.1 Fast,0.08097165991902833,9.794871794871794
Grok 4.1 Fast,0.0,13.017543859649122
Grok 4.1 Fast,0.0,12.346153846153845
Grok 4.1 Fast,0.08097165991902833,11.835897435897435
Grok 4.1 Fast,0.20242914979757082,20.0
Grok 4.1 Fast,0.0,9.633738191632927
Grok 4.1 Fast,0.053981106612685556,11.325641025641024
Grok 4.1 Fast,0.0,12.185020242914979
Grok 4.1 Fast,0.053981106612685556,15.407692307692306
Grok 4.1 Fast,0.0,11.674763832658568
Grok 4.1 Fast,0.0,12.104453441295545
Grok 4.1 Fast,0.0,11.083940620782725
Grok 4.1 Fast,0.0,9.123481781376517
Grok 4.1 Fast,0.0,9.848582995951416
Grok 4.1 Fast,0.0,8.828070175438596
Grok 4.1 Fast,0.0,9.633738191632927
Grok 4.1 Fast,0.053981106612685556,10.815384615384614
Grok 4.1 Fast,0.0,12.185020242914979
Grok 4.1 Fast,0.20242914979757082,20.0
Grok 4.1 Fast,0.053981106612685556,10.305128205128204
Grok 4.1 Fast,0.0,13.312955465587043
Grok 4.1 Fast,0.0,10.761673414304992
Grok 4.1 Fast,0.026990553306342778,12.426720647773278
Grok 4.1 Fast,0.0,10.143994601889338
Grok 4.1 Fast,0.053981106612685556,12.856410256410255
Grok 4.1 Fast,0.0,20.0
Grok 4.1 Fast,0.20242914979757082,19.301754385964912
Grok 4.1 Fast,0.053981106612685556,15.917948717948716
Grok 4.1 Fast,0.026990553306342778,9.257759784075573
Grok 4.1 Fast,0.0,9.633738191632927
Grok 4.1 Fast,0.026990553306342778,12.426720647773278
Grok 4.1 Fast,0.0,11.594197031039135
Grok 4.1 Fast,0.0,7.485290148448042
Grok 4.1 Fast,0.0,8.102968960863697
Grok 4.1 Fast,0.0,8.210391363022941
Grok 4.1 Fast,0.0,12.587854251012145
Grok 4.1 Fast,0.10796221322537111,9.284615384615384
Grok 4.1 Fast,0.0,8.505802968960863
Grok 4.1 Fast,0.0,10.546828609986504
Grok 4.1 Fast,0.0,8.102968960863697
Grok 4.1 Fast,0.0,12.910121457489877
Grok 4.1 Fast,0.08097165991902833,12.856410256410255
Grok 4.1 Fast,0.0,13.527800269905532
Grok 4.1 Fast,0.08097165991902833,13.366666666666665
Grok 4.1 Fast,0.0,9.741160593792172
Grok 4.1 Fast,0.053981106612685556,10.305128205128204
Grok 4.1 Fast,0.0,10.654251012145748
Grok 4.1 Fast,0.053981106612685556,11.835897435897435
Grok 4.1 Fast,0.053981106612685556,17.44871794871795
Grok 4.1 Fast,0.053981106612685556,11.325641025641024
Grok 4.1 Fast,0.0,9.633738191632927
Grok 4.1 Fast,0.0,7.297300944669365
Grok 4.1 Fast,0.053981106612685556,15.407692307692306
Grok 4.1 Fast,0.0,9.633738191632927
Grok 4.1 Fast,0.24291497975708498,19.5165991902834
Grok 4.1 Fast,0.0,8.828070175438596
Grok 4.1 Fast,0.0,7.914979757085019
Grok 4.1 Fast,0.0,10.654251012145748
Grok 4.1 Fast,0.0,9.230904183535761
Grok 4.1 Fast,0.0,9.848582995951416
Grok 4.1 Fast,0.24291497975708498,20.0
Grok 4.1 Fast,0.0,9.338326585695006
Grok 4.1 Fast,0.0,9.123481781376517
Grok 4.1 Fast,0.0,9.848582995951416
Grok 4.1 Fast,0.0,8.42523616734143
Grok 4.1 Fast,0.0,10.143994601889338
Grok 4.1 Fast,0.0,9.284615384615384
Grok 4.1 Fast,0.0,10.546828609986504
Grok 4.1 Fast,0.026990553306342778,10.385695006747637
Grok 4.1 Fast,0.0,9.338326585695006
Grok 4.1 Fast,0.0,10.036572199730093
Grok 4.1 Fast,0.0,9.016059379217273
Grok 4.1 Fast,0.0,7.914979757085019
Grok 4.1 Fast,0.0,7.700134952766531
Grok 4.1 Fast,0.053981106612685556,8.96234817813765
Grok 4.1 Fast,0.0,12.695276653171389
Grok 4.1 Fast,0.0,10.97651821862348
Grok 4.1 Fast,0.08097165991902833,10.305128205128204
Grok 4.1 Fast,0.0,8.828070175438596
Grok 4.1 Fast,0.0,11.48677462887989
Grok 4.1 Fast,0.08097165991902833,14.387179487179486
Grok 4.1 Fast,0.0,9.123481781376517
Grok 4.1 Fast,0.0,8.613225371120107
Grok 4.1 Fast,0.0,11.379352226720647
Grok 4.1 Fast,0.0,6.894466936572199
Grok 4.1 Fast,0.0,9.123481781376517
Grok 4.1 Fast,0.0,9.230904183535761
Grok 4.1 Fast,0.053981106612685556,15.917948717948716
Grok 4.1 Fast,0.053981106612685556,11.835897435897435
Grok 4.1 Fast,0.24291497975708498,18.97948717948718
Grok 4.1 Fast,0.0,10.815384615384614
Grok 4.1 Fast,0.0,6.67962213225371
Grok 4.1 Fast,0.0,9.741160593792172
Grok 4.1 Fast,0.0,11.674763832658568
Grok 4.1 Fast,0.0,10.305128205128204
Grok 4.1 Fast,0.053981106612685556,11.325641025641024
Grok 4.1 Fast,0.0,8.613225371120107
Grok 4.1 Fast,0.053981106612685556,15.407692307692306
Grok 4.1 Fast,0.08097165991902833,11.325641025641024
Grok 4.1 Fast,0.0,10.815384615384614
Grok 4.1 Fast,0.0,13.527800269905532
Grok 4.1 Fast,0.20242914979757082,20.0
Grok 4.1 Fast,0.0,9.44574898785425
Grok 4.1 Fast,0.0,12.399865047233467
Grok 4.1 Fast,0.053981106612685556,16.42820512820513
Grok 4.1 Fast,0.0,12.695276653171389
Grok 4.1 Fast,0.0,8.774358974358973
Grok 4.1 Fast,0.0,8.828070175438596
Grok 4.1 Fast,0.0,8.93549257759784
Grok 4.1 Fast,0.24291497975708498,18.630364372469636
Grok 4.1 Fast,0.08097165991902833,12.856410256410255
Grok 4.1 Fast,0.0,12.507287449392711
Grok 4.1 Fast,0.20242914979757082,19.838866396761134
Grok 4.1 Fast,0.0,9.95600539811066
Grok 4.1 Fast,0.0,8.102968960863697
Grok 4.1 Fast,0.0,9.794871794871794
Grok 4.1 Fast,0.0,20.0
Grok 4.1 Fast,0.0,7.297300944669365
Grok 4.1 Fast,0.0,8.613225371120107
Grok 4.1 Fast,0.0,7.082456140350876
Grok 4.1 Fast,0.053981106612685556,12.346153846153845
Grok 4.1 Fast,0.0,8.93549257759784
Grok 4.1 Fast,0.0,7.592712550607287
Grok 4.1 Fast,0.053981106612685556,10.305128205128204
Grok 4.1 Fast,0.0,9.95600539811066
Grok 4.1 Fast,0.0,10.654251012145748
Grok 4.1 Fast,0.08097165991902833,14.387179487179486
Grok 4.1 Fast,0.0,11.164507422402158
Grok 4.1 Fast,0.0,10.143994601889338
Grok 4.1 Fast,0.026990553306342778,9.472604588394061
Grok 4.1 Fast,0.0,9.44574898785425
Grok 4.1 Fast,0.0,8.720647773279351
Grok 4.1 Fast,0.0,9.741160593792172
Grok 4.1 Fast,0.0,9.553171390013494
Grok 4.1 Fast,0.0,7.082456140350876
Grok 4.1 Fast,0.0,9.338326585695006
Grok 4.1 Fast,0.0,8.613225371120107
Grok 4.1 Fast,0.0,8.505802968960863
Grok 4.1 Fast,0.08097165991902833,13.366666666666665
Grok 4.1 Fast,0.0,8.532658569500674
Grok 4.1 Fast,0.0,11.164507422402158
Grok 4.1 Fast,0.0,11.997031039136301
Grok 4.1 Fast,0.0,10.036572199730093
Grok 4.1 Fast,0.0,7.243589743589743
Grok 4.1 Fast,0.053981106612685556,8.96234817813765
Grok 4.1 Fast,0.0,9.794871794871794
Grok 4.1 Fast,0.20242914979757082,19.838866396761134
Grok 4.1 Fast,0.053981106612685556,11.325641025641024
Grok 4.1 Fast,0.0,9.338326585695006
Grok 4.1 Fast,0.0,11.782186234817813
Grok 4.1 Fast,0.0,11.48677462887989
Grok 4.1 Fast,0.0,10.573684210526315
Grok 4.1 Fast,0.053981106612685556,13.876923076923076
Grok 4.1 Fast,0.0,10.654251012145748
Grok 4.1 Fast,0.0,9.284615384615384
Grok 4.1 Fast,0.0,9.741160593792172
Grok 4.1 Fast,0.0,8.102968960863697
Grok 4.1 Fast,0.026990553306342778,11.621052631578946
Grok 4.1 Fast,0.0,9.44574898785425
Grok 4.1 Fast,0.08097165991902833,14.897435897435896
Grok 4.1 Fast,0.0,7.243589743589743
Grok 4.1 Fast,0.0,14.145479082321186
Grok 4.1 Fast,0.0,8.613225371120107
Grok 4.1 Fast,0.0,8.210391363022941
Grok 4.1 Fast,0.0,7.592712550607287
Grok 4.1 Fast,0.08097165991902833,15.407692307692306
GPT-5.4,0.0,3.8329284750337376
GPT-5.4,0.0,3.4300944669365716
GPT-5.4,0.20242914979757082,6.035087719298245
GPT-5.4,0.0,3.940350877192982
GPT-5.4,0.0,3.1615384615384614
GPT-5.4,0.0,3.6717948717948716
GPT-5.4,0.28340080971659914,8.747503373819162
GPT-5.4,0.0,4.020917678812415
GPT-5.4,0.3238866396761133,5.9008097165991895
GPT-5.4,0.10796221322537111,3.8597840755735486
GPT-5.4,0.0,3.9134952766531708
GPT-5.4,0.3238866396761133,4.665452091767881
GPT-5.4,0.16194331983805665,4.504318488529014
GPT-5.4,0.0,3.215249662618083
GPT-5.4,0.0,3.8329284750337376
GPT-5.4,0.0,7.404723346828609
GPT-5.4,0.08097165991902833,2.8124156545209176
GPT-5.4,0.0,4.6385964912280695
GPT-5.4,0.0,3.7255060728744933
GPT-5.4,0.2564102564102564,4.692307692307692
GPT-5.4,0.20242914979757082,6.142510121457489
GPT-5.4,0.08097165991902833,4.450607287449392
GPT-5.4,0.3238866396761133,7.753846153846153
GPT-5.4,0.3238866396761133,7.243589743589743
GPT-5.4,0.0,4.531174089068825
GPT-5.4,0.026990553306342778,5.0682860998650465
GPT-5.4,0.0,3.9134952766531708
GPT-5.4,0.28340080971659914,5.256275303643724
GPT-5.4,0.24291497975708498,4.6385964912280695
GPT-5.4,0.1349527665317139,3.5643724696356274
GPT-5.4,0.08097165991902833,4.558029689608636
GPT-5.4,0.24291497975708498,4.746018893387314
GPT-5.4,0.20242914979757082,5.014574898785424
GPT-5.4,0.0,3.9134952766531708
GPT-5.4,0.053981106612685556,3.64493927125506
GPT-5.4,0.0,5.0414304993252355
GPT-5.4,0.20242914979757082,5.739676113360323
GPT-5.4,0.0,3.4300944669365716
GPT-5.4,0.0,5.14885290148448
GPT-5.4,0.28340080971659914,5.8739541160593784
GPT-5.4,0.0,2.7049932523616733
GPT-5.4,0.0,3.0004048582995946
GPT-5.4,0.2564102564102564,7.753846153846153
GPT-5.4,0.20242914979757082,5.739676113360323
GPT-5.4,0.0,3.618083670715249
GPT-5.4,0.0,4.343184885290148
GPT-5.4,0.053981106612685556,2.597570850202429
GPT-5.4,0.0,4.423751686909581
GPT-5.4,0.10796221322537111,3.8597840755735486
GPT-5.4,0.0,4.020917678812415
GPT-5.4,0.28340080971659914,8.344669365721996
GPT-5.4,0.3238866396761133,6.518488529014844
GPT-5.4,0.1349527665317139,3.349527665317139
GPT-5.4,0.0,5.256275303643724
GPT-5.4,0.0,3.0004048582995946
GPT-5.4,0.16194331983805665,4.799730094466936
GPT-5.4,0.24291497975708498,6.357354925775978
GPT-5.4,0.0,4.2357624831309035
GPT-5.4,0.36437246963562747,6.7333333333333325
GPT-5.4,0.0,4.128340080971659
GPT-5.4,0.28340080971659914,4.558029689608636
GPT-5.4,0.20242914979757082,5.229419703103913
GPT-5.4,0.026990553306342778,4.343184885290148
GPT-5.4,0.026990553306342778,3.0004048582995946
GPT-5.4,0.026990553306342778,6.196221322537111
GPT-5.4,0.1349527665317139,4.692307692307692
GPT-5.4,0.0,3.0004048582995946
GPT-5.4,0.24291497975708498,5.14885290148448
GPT-5.4,0.0,3.7255060728744933
GPT-5.4,0.0,4.343184885290148
GPT-5.4,0.026990553306342778,3.215249662618083
GPT-5.4,0.0,5.0414304993252355
GPT-5.4,0.28340080971659914,5.766531713900134
GPT-5.4,0.0,3.618083670715249
GPT-5.4,0.36437246963562747,5.202564102564102
GPT-5.4,0.0,3.107827260458839
GPT-5.4,0.0,3.940350877192982
GPT-5.4,0.0,2.7049932523616733
GPT-5.4,0.0,5.256275303643724
GPT-5.4,0.36437246963562747,6.115654520917678
GPT-5.4,0.0,3.8329284750337376
GPT-5.4,0.0,4.423751686909581
GPT-5.4,0.0,4.128340080971659
GPT-5.4,0.16194331983805665,5.202564102564102
GPT-5.4,0.3238866396761133,5.9008097165991895
GPT-5.4,0.0,4.2357624831309035
GPT-5.4,0.0,3.3226720647773273
GPT-5.4,0.20242914979757082,5.927665317139001
GPT-5.4,0.16194331983805665,5.014574898785424
GPT-5.4,0.0,5.0414304993252355
GPT-5.4,0.28340080971659914,5.685964912280701
GPT-5.4,0.28340080971659914,5.0682860998650465
GPT-5.4,0.0,4.343184885290148
GPT-5.4,0.053981106612685556,3.215249662618083
GPT-5.4,0.0,4.343184885290148
GPT-5.4,0.3238866396761133,5.283130904183535
GPT-5.4,0.20242914979757082,6.3304993252361665
GPT-5.4,0.20242914979757082,7.243589743589743
GPT-5.4,0.28340080971659914,5.14885290148448
GPT-5.4,0.1349527665317139,4.370040485829959
GPT-5.4,0.16194331983805665,6.7333333333333325
GPT-5.4,0.0,3.3226720647773273
GPT-5.4,0.0,4.531174089068825
GPT-5.4,0.0,4.692307692307692
GPT-5.4,0.16194331983805665,5.202564102564102
GPT-5.4,0.10796221322537111,3.2421052631578946
GPT-5.4,0.28340080971659914,6.196221322537111
GPT-5.4,0.10796221322537111,4.665452091767881
GPT-5.4,0.0,4.692307692307692
GPT-5.4,0.20242914979757082,4.101484480431848
GPT-5.4,0.3238866396761133,5.4979757085020236
GPT-5.4,0.10796221322537111,3.64493927125506
GPT-5.4,0.20242914979757082,4.316329284750337
GPT-5.4,0.28340080971659914,4.6385964912280695
GPT-5.4,0.3238866396761133,6.3036437246963555
GPT-5.4,0.0,4.343184885290148
GPT-5.4,0.0,5.363697705802968
GPT-5.4,0.28340080971659914,4.558029689608636
GPT-5.4,0.24291497975708498,5.256275303643724
GPT-5.4,0.0,3.0004048582995946
GPT-5.4,0.3238866396761133,6.7333333333333325
GPT-5.4,0.24291497975708498,5.766531713900134
GPT-5.4,0.0,4.6385964912280695
GPT-5.4,0.1349527665317139,4.262618083670715
GPT-5.4,0.0,4.182051282051281
GPT-5.4,0.0,3.618083670715249
GPT-5.4,0.0,3.618083670715249
GPT-5.4,0.1349527665317139,6.115654520917678
GPT-5.4,0.0,4.960863697705802
GPT-5.4,0.3238866396761133,7.753846153846153
GPT-5.4,0.3238866396761133,5.685964912280701
GPT-5.4,0.0,4.531174089068825
GPT-5.4,0.28340080971659914,6.3036437246963555
GPT-5.4,0.0,3.6717948717948716
GPT-5.4,0.0,3.618083670715249
GPT-5.4,0.2564102564102564,6.7333333333333325
GPT-5.4,0.0,3.0004048582995946
GPT-5.4,0.20242914979757082,3.6986504723346827
GPT-5.4,0.0,5.256275303643724
GPT-5.4,0.0,5.14885290148448
GPT-5.4,0.026990553306342778,4.558029689608636
GPT-5.4,0.24291497975708498,3.7255060728744933
GPT-5.4,0.0,4.182051282051281
GPT-5.4,0.36437246963562747,4.692307692307692
GPT-5.4,0.0,3.4300944669365716
GPT-5.4,0.16194331983805665,5.712820512820512
GPT-5.4,0.16194331983805665,4.074628879892037
GPT-5.4,0.0,4.692307692307692
GPT-5.4,0.0,3.7255060728744933
GPT-5.4,0.1349527665317139,4.584885290148447
GPT-5.4,0.0,3.4032388663967605
GPT-5.4,0.16194331983805665,4.692307692307692
GPT-5.4,0.28340080971659914,4.047773279352226
GPT-5.4,0.3238866396761133,4.665452091767881
GPT-5.4,0.36437246963562747,5.095141700404858
GPT-5.4,0.1349527665317139,4.584885290148447
GPT-5.4,0.0,3.107827260458839
GPT-5.4,0.08097165991902833,3.1346828609986503
GPT-5.4,0.24291497975708498,5.65910931174089
GPT-5.4,0.0,3.4032388663967605
GPT-5.4,0.0,4.128340080971659
GPT-5.4,0.2564102564102564,5.712820512820512
GPT-5.4,0.0,4.746018893387314
GPT-5.4,0.08097165991902833,4.15519568151147
GPT-5.4,0.0,3.8329284750337376
GPT-5.4,0.24291497975708498,7.297300944669365
GPT-5.4,0.16194331983805665,4.90715249662618
GPT-5.4,0.0,4.020917678812415
GPT-5.4,0.3238866396761133,6.92132253711201
GPT-5.4,0.28340080971659914,5.578542510121457
GPT-5.4,0.16194331983805665,4.39689608636977
GPT-5.4,0.24291497975708498,5.766531713900134
GPT-5.4,0.0,3.3226720647773273
GPT-5.4,0.20242914979757082,7.1630229419703095
GPT-5.4,0.0,3.8329284750337376
GPT-5.4,0.16194331983805665,4.101484480431848
GPT-5.4,0.0,2.8929824561403503
GPT-5.4,0.08097165991902833,5.793387314439945
GPT-5.4,0.20242914979757082,4.316329284750337
GPT-5.4,0.20242914979757082,5.632253711201079
GPT-5.4,0.0,4.2357624831309035
GPT-5.4,0.0,4.128340080971659
GPT-5.4,0.0,3.215249662618083
GPT-5.4,0.053981106612685556,4.558029689608636
GPT-5.4,0.28340080971659914,4.746018893387314
GPT-5.4,0.026990553306342778,5.0682860998650465
GPT-5.4,0.20242914979757082,5.524831309041835
GPT-5.4,0.0,3.940350877192982
GPT-5.4,0.0,3.8329284750337376
GPT-5.4,0.1349527665317139,4.584885290148447
GPT-5.4,0.0,3.510661268556005
GPT-5.4,0.0,3.618083670715249
GPT-5.4,0.08097165991902833,4.370040485829959
GPT-5.4,0.24291497975708498,4.531174089068825
GPT-5.4,0.08097165991902833,3.64493927125506
GPT-5.4,0.026990553306342778,5.256275303643724
GPT-5.4,0.0,3.940350877192982
GPT-5.4,0.0,4.531174089068825
GPT-5.4,0.3238866396761133,5.712820512820512
GPT-5.4,0.20242914979757082,5.41740890688259
GPT-5.4,0.28340080971659914,3.940350877192982
GPT-5.4,0.20242914979757082,5.444264507422401
GPT-5.4,0.24291497975708498,7.377867746288798
GPT-5.4,0.36437246963562747,6.7333333333333325
GPT-5.4,0.28340080971659914,5.363697705802968
GPT-5.4,0.1349527665317139,5.202564102564102
GPT-5.4,0.3238866396761133,6.92132253711201
GPT-5.4,0.28340080971659914,4.960863697705802
GPT-5.4,0.026990553306342778,3.618083670715249
GPT-5.4,0.20242914979757082,3.6986504723346827
GPT-5.4,0.24291497975708498,5.847098515519567
GPT-5.4,0.0,2.8929824561403503
GPT-5.4,0.3238866396761133,5.685964912280701
GPT-5.4,0.10796221322537111,4.262618083670715
GPT-5.4,0.10796221322537111,3.349527665317139
GPT-5.4,0.0,3.618083670715249
GPT-5.4,0.0,2.651282051282051
GPT-5.4,0.053981106612685556,3.027260458839406
GPT-5.4,0.0,4.2357624831309035
GPT-5.4,0.2564102564102564,8.774358974358973
GPT-5.4,0.24291497975708498,4.826585695006747
GPT-5.4,0.20242914979757082,4.611740890688258
GPT-5.4,0.0,3.510661268556005
GPT-5.4,0.0,4.531174089068825
GPT-5.4,0.0,4.343184885290148
GPT-5.4,0.0,3.940350877192982
GPT-5.4,0.28340080971659914,5.363697705802968
GPT-5.4,0.0,3.1615384615384614
GPT-5.4,0.0,3.107827260458839
GPT-5.4,0.0,4.343184885290148
GPT-5.4,0.026990553306342778,3.940350877192982
GPT-5.4,0.1349527665317139,4.262618083670715
GPT-5.4,0.026990553306342778,4.047773279352226
GPT-5.4,0.16194331983805665,5.014574898785424
GPT-5.4,0.24291497975708498,5.14885290148448
GPT-5.4,0.28340080971659914,5.981376518218623
GPT-5.4,0.0,3.1615384615384614
GPT-5.4,0.16194331983805665,4.289473684210526
GPT-5.4,0.3238866396761133,5.578542510121457
GPT-5.4,0.24291497975708498,4.316329284750337
GPT-5.4,0.3238866396761133,6.223076923076922
GPT-5.4,0.0,4.182051282051281
GPT-5.4,0.0,3.8329284750337376
GPT-5.4,0.0,2.8124156545209176
GPT-5.4,0.0,4.020917678812415
GPT-5.4,0.36437246963562747,4.987719298245613
GPT-5.4,0.36437246963562747,4.074628879892037
GPT-5.4,0.16194331983805665,4.39689608636977
GPT-5.4,0.053981106612685556,6.92132253711201
GPT-5.4,0.053981106612685556,5.283130904183535
GPT-5.4,0.3238866396761133,4.987719298245613
GPT-5.4,0.20242914979757082,5.41740890688259
GPT-5.4,0.026990553306342778,4.746018893387314
GPT-5.4,0.20242914979757082,4.020917678812415
GPT-5.4,0.0,3.618083670715249
GPT-5.4,0.16194331983805665,2.973549257759784
GPT-5.4,0.3238866396761133,4.558029689608636
GPT-5.4,0.20242914979757082,6.035087719298245
GPT-5.4,0.0,4.343184885290148
GPT-5.4,0.20242914979757082,4.826585695006747
GPT-5.4,0.0,3.9134952766531708
GPT-5.4,0.0,3.6717948717948716
GPT-5.4,0.3238866396761133,5.283130904183535
GPT-5.4,0.0,3.107827260458839
GPT-5.4,0.24291497975708498,4.423751686909581
GPT-5.4,0.36437246963562747,6.223076923076922
GPT-5.4,0.0,3.510661268556005
GPT-5.4,0.16194331983805665,4.2089068825910925
GPT-5.4,0.0,4.423751686909581
GPT-5.4,0.16194331983805665,4.90715249662618
GPT-5.4,0.0,5.256275303643724
GPT-5.4,0.28340080971659914,5.363697705802968
GPT-5.4,0.0,3.7255060728744933
GPT-5.4,0.1349527665317139,5.095141700404858
GPT-5.4,0.1349527665317139,3.967206477732793
GPT-5.4,0.16194331983805665,5.202564102564102
GPT-5.4,0.3238866396761133,6.115654520917678
GPT-5.4,0.053981106612685556,3.8329284750337376
GPT-5.4,0.0,3.8329284750337376
GPT-5.4,0.20242914979757082,3.5912280701754384
GPT-5.4,0.20242914979757082,6.948178137651821
GPT-5.4,0.20242914979757082,4.719163292847503
GPT-5.4,0.053981106612685556,4.343184885290148
GPT-5.4,0.10796221322537111,3.8597840755735486
GPT-5.4,0.0,3.9134952766531708
GPT-5.4,0.20242914979757082,3.9134952766531708
GPT-5.4,0.24291497975708498,4.6385964912280695
GPT-5.4,0.20242914979757082,6.948178137651821
GPT-5.4,0.10796221322537111,4.772874493927125
GPT-5.4,0.08097165991902833,4.370040485829959
GPT-5.4,0.16194331983805665,4.101484480431848
GPT-5.4,0.0,4.182051282051281
GPT-5.4,0.0,4.343184885290148
GPT-5.4,0.0,5.65910931174089
GPT-5.4,0.24291497975708498,5.336842105263157
GPT-5.4,0.08097165991902833,4.450607287449392
GPT-5.4,0.0,3.510661268556005
GPT-5.4,0.0,3.7255060728744933
GPT-5.4,0.16194331983805665,3.6986504723346827
GPT-5.4,0.0,3.0004048582995946
